/*
 Navicat Premium Data Transfer

 Source Server         : Local
 Source Server Type    : MySQL
 Source Server Version : 100428
 Source Host           : localhost:3306
 Source Schema         : netventas

 Target Server Type    : MySQL
 Target Server Version : 100428
 File Encoding         : 65001

 Date: 12/04/2023 05:11:15
*/

SET NAMES utf8mb4;
SET FOREIGN_KEY_CHECKS = 0;

-- ----------------------------
-- Table structure for __efmigrationshistory
-- ----------------------------
DROP TABLE IF EXISTS `__efmigrationshistory`;
CREATE TABLE `__efmigrationshistory`  (
  `MigrationId` varchar(150) CHARACTER SET utf8mb4 COLLATE utf8mb4_general_ci NOT NULL,
  `ProductVersion` varchar(32) CHARACTER SET utf8mb4 COLLATE utf8mb4_general_ci NOT NULL,
  PRIMARY KEY (`MigrationId`) USING BTREE
) ENGINE = InnoDB CHARACTER SET = utf8mb4 COLLATE = utf8mb4_general_ci ROW_FORMAT = Dynamic;

-- ----------------------------
-- Records of __efmigrationshistory
-- ----------------------------
INSERT INTO `__efmigrationshistory` VALUES ('20230411143521_ReparatingDb', '7.0.4');

-- ----------------------------
-- Table structure for inventory
-- ----------------------------
DROP TABLE IF EXISTS `inventory`;
CREATE TABLE `inventory`  (
  `Id` int NOT NULL AUTO_INCREMENT,
  `ProductId` int NOT NULL,
  `Quantity` int NOT NULL,
  PRIMARY KEY (`Id`) USING BTREE,
  INDEX `IX_Inventory_ProductId`(`ProductId`) USING BTREE,
  CONSTRAINT `FK_Inventory_Products_ProductId` FOREIGN KEY (`ProductId`) REFERENCES `products` (`Id`) ON DELETE CASCADE ON UPDATE RESTRICT
) ENGINE = InnoDB AUTO_INCREMENT = 8 CHARACTER SET = utf8mb4 COLLATE = utf8mb4_general_ci ROW_FORMAT = Dynamic;

-- ----------------------------
-- Records of inventory
-- ----------------------------
INSERT INTO `inventory` VALUES (1, 5, 355);
INSERT INTO `inventory` VALUES (6, 2, 16);
INSERT INTO `inventory` VALUES (7, 5, 50);

-- ----------------------------
-- Table structure for products
-- ----------------------------
DROP TABLE IF EXISTS `products`;
CREATE TABLE `products`  (
  `Id` int NOT NULL AUTO_INCREMENT,
  `Name` longtext CHARACTER SET utf8mb4 COLLATE utf8mb4_general_ci NOT NULL,
  `Description` longtext CHARACTER SET utf8mb4 COLLATE utf8mb4_general_ci NOT NULL,
  `Price` decimal(65, 30) NOT NULL,
  `Cost` decimal(65, 30) NOT NULL,
  PRIMARY KEY (`Id`) USING BTREE
) ENGINE = InnoDB AUTO_INCREMENT = 6 CHARACTER SET = utf8mb4 COLLATE = utf8mb4_general_ci ROW_FORMAT = Dynamic;

-- ----------------------------
-- Records of products
-- ----------------------------
INSERT INTO `products` VALUES (2, 'papafritas ac', 'pechugas de pollo', 50.000000000000000000000000000000, 75.000000000000000000000000000000);
INSERT INTO `products` VALUES (5, 'papafritas ac', 'sdf', 3.000000000000000000000000000000, 1.000000000000000000000000000000);

-- ----------------------------
-- Table structure for saledetails
-- ----------------------------
DROP TABLE IF EXISTS `saledetails`;
CREATE TABLE `saledetails`  (
  `SaleId` int NOT NULL,
  `ProductId` int NOT NULL,
  `Quantity` int NOT NULL,
  `PricePerUnit` decimal(65, 30) NOT NULL,
  `TotalPrice` decimal(65, 30) NOT NULL,
  PRIMARY KEY (`SaleId`, `ProductId`) USING BTREE,
  INDEX `IX_SaleDetails_ProductId`(`ProductId`) USING BTREE,
  CONSTRAINT `FK_SaleDetails_Products_ProductId` FOREIGN KEY (`ProductId`) REFERENCES `products` (`Id`) ON DELETE CASCADE ON UPDATE RESTRICT,
  CONSTRAINT `FK_SaleDetails_Sales_SaleId` FOREIGN KEY (`SaleId`) REFERENCES `sales` (`Id`) ON DELETE CASCADE ON UPDATE RESTRICT
) ENGINE = InnoDB CHARACTER SET = utf8mb4 COLLATE = utf8mb4_general_ci ROW_FORMAT = Dynamic;

-- ----------------------------
-- Records of saledetails
-- ----------------------------
INSERT INTO `saledetails` VALUES (15, 5, 10, 50.000000000000000000000000000000, 500.000000000000000000000000000000);
INSERT INTO `saledetails` VALUES (16, 5, 5, 10.000000000000000000000000000000, 50.000000000000000000000000000000);
INSERT INTO `saledetails` VALUES (17, 2, 5, 10.000000000000000000000000000000, 50.000000000000000000000000000000);
INSERT INTO `saledetails` VALUES (18, 5, 10, 4.000000000000000000000000000000, 40.000000000000000000000000000000);
INSERT INTO `saledetails` VALUES (19, 5, 75, 30.000000000000000000000000000000, 2250.000000000000000000000000000000);
INSERT INTO `saledetails` VALUES (20, 5, 75, 10.000000000000000000000000000000, 750.000000000000000000000000000000);
INSERT INTO `saledetails` VALUES (21, 5, 10, 20.000000000000000000000000000000, 200.000000000000000000000000000000);
INSERT INTO `saledetails` VALUES (22, 2, 2, 5.000000000000000000000000000000, 10.000000000000000000000000000000);
INSERT INTO `saledetails` VALUES (23, 5, 10, 3.000000000000000000000000000000, 30.000000000000000000000000000000);
INSERT INTO `saledetails` VALUES (24, 2, 1, 50.000000000000000000000000000000, 50.000000000000000000000000000000);
INSERT INTO `saledetails` VALUES (25, 2, 1, 50.000000000000000000000000000000, 50.000000000000000000000000000000);

-- ----------------------------
-- Table structure for sales
-- ----------------------------
DROP TABLE IF EXISTS `sales`;
CREATE TABLE `sales`  (
  `Id` int NOT NULL AUTO_INCREMENT,
  `Date` datetime(6) NOT NULL,
  `Total` decimal(65, 30) NOT NULL,
  `Tax` decimal(65, 30) NOT NULL,
  PRIMARY KEY (`Id`) USING BTREE
) ENGINE = InnoDB AUTO_INCREMENT = 26 CHARACTER SET = utf8mb4 COLLATE = utf8mb4_general_ci ROW_FORMAT = Dynamic;

-- ----------------------------
-- Records of sales
-- ----------------------------
INSERT INTO `sales` VALUES (2, '2023-04-12 02:39:54.359000', 0.000000000000000000000000000000, 0.000000000000000000000000000000);
INSERT INTO `sales` VALUES (3, '2023-04-11 17:20:25.324000', 0.000000000000000000000000000000, 0.000000000000000000000000000000);
INSERT INTO `sales` VALUES (4, '2023-04-12 06:37:27.559000', 0.000000000000000000000000000000, 0.000000000000000000000000000000);
INSERT INTO `sales` VALUES (5, '2023-04-12 06:47:21.261000', 0.000000000000000000000000000000, 0.000000000000000000000000000000);
INSERT INTO `sales` VALUES (6, '2023-04-12 07:02:34.019000', 0.000000000000000000000000000000, 0.000000000000000000000000000000);
INSERT INTO `sales` VALUES (7, '2023-04-12 07:12:11.131000', 0.000000000000000000000000000000, 0.000000000000000000000000000000);
INSERT INTO `sales` VALUES (8, '2023-04-12 07:14:46.475000', 0.000000000000000000000000000000, 0.000000000000000000000000000000);
INSERT INTO `sales` VALUES (9, '2023-04-12 07:16:18.307000', 0.000000000000000000000000000000, 0.000000000000000000000000000000);
INSERT INTO `sales` VALUES (10, '2023-04-12 07:18:53.666000', 0.000000000000000000000000000000, 0.000000000000000000000000000000);
INSERT INTO `sales` VALUES (11, '2023-04-12 07:21:48.433000', 0.000000000000000000000000000000, 0.000000000000000000000000000000);
INSERT INTO `sales` VALUES (12, '2023-04-12 07:23:53.073000', 0.000000000000000000000000000000, 0.000000000000000000000000000000);
INSERT INTO `sales` VALUES (13, '2023-04-12 07:25:38.665000', 0.000000000000000000000000000000, 0.000000000000000000000000000000);
INSERT INTO `sales` VALUES (14, '2023-04-12 07:26:51.320000', 0.000000000000000000000000000000, 0.000000000000000000000000000000);
INSERT INTO `sales` VALUES (15, '2023-04-12 03:58:47.705800', 500.000000000000000000000000000000, 90.000000000000000000000000000000);
INSERT INTO `sales` VALUES (16, '2023-04-12 04:09:41.534551', 50.000000000000000000000000000000, 9.000000000000000000000000000000);
INSERT INTO `sales` VALUES (17, '2023-04-12 04:11:33.567928', 50.000000000000000000000000000000, 9.000000000000000000000000000000);
INSERT INTO `sales` VALUES (18, '2023-04-12 04:12:48.536077', 40.000000000000000000000000000000, 7.200000000000000000000000000000);
INSERT INTO `sales` VALUES (19, '2023-04-12 04:14:27.356880', 2250.000000000000000000000000000000, 292.500000000000000000000000000000);
INSERT INTO `sales` VALUES (20, '2023-04-12 04:16:37.522123', 750.000000000000000000000000000000, 97.500000000000000000000000000000);
INSERT INTO `sales` VALUES (21, '2023-04-12 04:18:47.441997', 200.000000000000000000000000000000, 26.000000000000000000000000000000);
INSERT INTO `sales` VALUES (22, '2023-04-12 04:35:38.385070', 10.000000000000000000000000000000, 1.300000000000000000000000000000);
INSERT INTO `sales` VALUES (23, '2023-04-12 04:44:24.073480', 30.000000000000000000000000000000, 3.900000000000000000000000000000);
INSERT INTO `sales` VALUES (24, '2023-04-12 04:49:38.841906', 50.000000000000000000000000000000, 6.500000000000000000000000000000);
INSERT INTO `sales` VALUES (25, '2023-04-12 04:50:11.238464', 50.000000000000000000000000000000, 6.500000000000000000000000000000);

-- ----------------------------
-- Table structure for sellers
-- ----------------------------
DROP TABLE IF EXISTS `sellers`;
CREATE TABLE `sellers`  (
  `Id` int NOT NULL AUTO_INCREMENT,
  `Name` longtext CHARACTER SET utf8mb4 COLLATE utf8mb4_general_ci NULL,
  `User` longtext CHARACTER SET utf8mb4 COLLATE utf8mb4_general_ci NOT NULL,
  `Password` longtext CHARACTER SET utf8mb4 COLLATE utf8mb4_general_ci NOT NULL,
  PRIMARY KEY (`Id`) USING BTREE
) ENGINE = InnoDB AUTO_INCREMENT = 2 CHARACTER SET = utf8mb4 COLLATE = utf8mb4_general_ci ROW_FORMAT = Dynamic;

-- ----------------------------
-- Records of sellers
-- ----------------------------
INSERT INTO `sellers` VALUES (1, 'marvin2001', 'marvin2001', 'sistemas123');

SET FOREIGN_KEY_CHECKS = 1;
